date,Burger,Fries,Cold Drink,Wrap,Bun,Patty,Lettuce,Cheese,Potato,Oil,Bottle,Tortilla,Chicken,Sauce
2023-01-01,77,128,51,42,77,77,7.7,7.7,25.6,6.4,51,42,6.3,2.1
2023-01-02,90,109,55,39,90,90,9.0,9.0,21.8,5.45,55,39,5.85,1.9500000000000002
2023-01-03,83,113,59,34,83,83,8.3,8.3,22.6,5.65,59,34,5.1,1.7000000000000002
2023-01-04,82,123,55,43,82,82,8.200000000000001,8.200000000000001,24.6,6.15,55,43,6.45,2.15
2023-01-05,68,112,56,41,68,68,6.800000000000001,6.800000000000001,22.400000000000002,5.6000000000000005,56,41,6.1499999999999995,2.0500000000000003
2023-01-06,82,102,42,38,82,82,8.200000000000001,8.200000000000001,20.400000000000002,5.1000000000000005,42,38,5.7,1.9000000000000001
2023-01-07,90,113,50,45,90,90,9.0,9.0,22.6,5.65,50,45,6.75,2.25
2023-01-08,86,129,57,48,86,86,8.6,8.6,25.8,6.45,57,48,7.199999999999999,2.4000000000000004
2023-01-09,75,114,65,49,75,75,7.5,7.5,22.8,5.7,65,49,7.35,2.45
2023-01-10,68,129,67,40,68,68,6.800000000000001,6.800000000000001,25.8,6.45,67,40,6.0,2.0
2023-01-11,75,137,58,34,75,75,7.5,7.5,27.400000000000002,6.8500000000000005,58,34,5.1,1.7000000000000002
2023-01-12,74,140,63,46,74,74,7.4,7.4,28.0,7.0,63,46,6.8999999999999995,2.3000000000000003
2023-01-13,93,114,53,38,93,93,9.3,9.3,22.8,5.7,53,38,5.7,1.9000000000000001
2023-01-14,68,143,60,57,68,68,6.800000000000001,6.800000000000001,28.6,7.15,60,57,8.549999999999999,2.85
2023-01-15,80,113,62,26,80,80,8.0,8.0,22.6,5.65,62,26,3.9,1.3
2023-01-16,94,107,64,35,94,94,9.4,9.4,21.400000000000002,5.3500000000000005,64,35,5.25,1.75
2023-01-17,76,124,56,43,76,76,7.6000000000000005,7.6000000000000005,24.8,6.2,56,43,6.45,2.15
2023-01-18,80,125,64,52,80,80,8.0,8.0,25.0,6.25,64,52,7.8,2.6
2023-01-19,76,139,54,47,76,76,7.6000000000000005,7.6000000000000005,27.8,6.95,54,47,7.05,2.35
2023-01-20,81,103,72,37,81,81,8.1,8.1,20.6,5.15,72,37,5.55,1.85
2023-01-21,93,125,62,30,93,93,9.3,9.3,25.0,6.25,62,30,4.5,1.5
2023-01-22,81,125,65,37,81,81,8.1,8.1,25.0,6.25,65,37,5.55,1.85
2023-01-23,84,125,48,35,84,84,8.4,8.4,25.0,6.25,48,35,5.25,1.75
2023-01-24,93,130,62,34,93,93,9.3,9.3,26.0,6.5,62,34,5.1,1.7000000000000002
2023-01-25,74,125,73,39,74,74,7.4,7.4,25.0,6.25,73,39,5.85,1.9500000000000002
2023-01-26,74,133,51,52,74,74,7.4,7.4,26.6,6.65,51,52,7.8,2.6
2023-01-27,82,106,70,44,82,82,8.200000000000001,8.200000000000001,21.200000000000003,5.300000000000001,70,44,6.6,2.2
2023-01-28,76,131,60,46,76,76,7.6000000000000005,7.6000000000000005,26.200000000000003,6.550000000000001,60,46,6.8999999999999995,2.3000000000000003
2023-01-29,85,136,57,41,85,85,8.5,8.5,27.200000000000003,6.800000000000001,57,41,6.1499999999999995,2.0500000000000003
2023-01-30,79,113,36,47,79,79,7.9,7.9,22.6,5.65,36,47,7.05,2.35
2023-01-31,68,129,63,26,68,68,6.800000000000001,6.800000000000001,25.8,6.45,63,26,3.9,1.3
2023-02-01,81,120,67,39,81,81,8.1,8.1,24.0,6.0,67,39,5.85,1.9500000000000002
2023-02-02,90,117,51,41,90,90,9.0,9.0,23.400000000000002,5.8500000000000005,51,41,6.1499999999999995,2.0500000000000003
2023-02-03,84,122,58,37,84,84,8.4,8.4,24.400000000000002,6.1000000000000005,58,37,5.55,1.85
2023-02-04,59,133,59,40,59,59,5.9,5.9,26.6,6.65,59,40,6.0,2.0
2023-02-05,70,117,63,38,70,70,7.0,7.0,23.400000000000002,5.8500000000000005,63,38,5.7,1.9000000000000001
2023-02-06,80,125,46,53,80,80,8.0,8.0,25.0,6.25,46,53,7.949999999999999,2.6500000000000004
2023-02-07,77,119,76,34,77,77,7.7,7.7,23.8,5.95,76,34,5.1,1.7000000000000002
2023-02-08,66,103,46,47,66,66,6.6000000000000005,6.6000000000000005,20.6,5.15,46,47,7.05,2.35
2023-02-09,89,105,63,45,89,89,8.9,8.9,21.0,5.25,63,45,6.75,2.25
2023-02-10,74,128,57,37,74,74,7.4,7.4,25.6,6.4,57,37,5.55,1.85
2023-02-11,91,128,60,36,91,91,9.1,9.1,25.6,6.4,60,36,5.3999999999999995,1.8
2023-02-12,77,137,56,54,77,77,7.7,7.7,27.400000000000002,6.8500000000000005,56,54,8.1,2.7
2023-02-13,83,113,64,46,83,83,8.3,8.3,22.6,5.65,64,46,6.8999999999999995,2.3000000000000003
2023-02-14,66,97,59,37,66,66,6.6000000000000005,6.6000000000000005,19.400000000000002,4.8500000000000005,59,37,5.55,1.85
2023-02-15,69,124,47,44,69,69,6.9,6.9,24.8,6.2,47,44,6.6,2.2
2023-02-16,77,116,67,39,77,77,7.7,7.7,23.200000000000003,5.800000000000001,67,39,5.85,1.9500000000000002
2023-02-17,67,97,49,45,67,67,6.7,6.7,19.400000000000002,4.8500000000000005,49,45,6.75,2.25
2023-02-18,104,113,46,42,104,104,10.4,10.4,22.6,5.65,46,42,6.3,2.1
2023-02-19,79,123,42,39,79,79,7.9,7.9,24.6,6.15,42,39,5.85,1.9500000000000002
2023-02-20,74,119,62,44,74,74,7.4,7.4,23.8,5.95,62,44,6.6,2.2
2023-02-21,75,126,77,42,75,75,7.5,7.5,25.200000000000003,6.300000000000001,77,42,6.3,2.1
2023-02-22,97,94,57,42,97,97,9.700000000000001,9.700000000000001,18.8,4.7,57,42,6.3,2.1
2023-02-23,90,117,69,39,90,90,9.0,9.0,23.400000000000002,5.8500000000000005,69,39,5.85,1.9500000000000002
2023-02-24,101,111,63,31,101,101,10.100000000000001,10.100000000000001,22.200000000000003,5.550000000000001,63,31,4.6499999999999995,1.55
2023-02-25,80,121,61,49,80,80,8.0,8.0,24.200000000000003,6.050000000000001,61,49,7.35,2.45
2023-02-26,68,129,65,32,68,68,6.800000000000001,6.800000000000001,25.8,6.45,65,32,4.8,1.6
2023-02-27,76,116,72,40,76,76,7.6000000000000005,7.6000000000000005,23.200000000000003,5.800000000000001,72,40,6.0,2.0
2023-02-28,77,107,60,40,77,77,7.7,7.7,21.400000000000002,5.3500000000000005,60,40,6.0,2.0
2023-03-01,83,100,50,32,83,83,8.3,8.3,20.0,5.0,50,32,4.8,1.6
2023-03-02,71,136,64,34,71,71,7.1000000000000005,7.1000000000000005,27.200000000000003,6.800000000000001,64,34,5.1,1.7000000000000002
2023-03-03,70,108,49,34,70,70,7.0,7.0,21.6,5.4,49,34,5.1,1.7000000000000002
2023-03-04,80,124,44,46,80,80,8.0,8.0,24.8,6.2,44,46,6.8999999999999995,2.3000000000000003
2023-03-05,71,116,63,39,71,71,7.1000000000000005,7.1000000000000005,23.200000000000003,5.800000000000001,63,39,5.85,1.9500000000000002
2023-03-06,56,127,60,31,56,56,5.6000000000000005,5.6000000000000005,25.400000000000002,6.3500000000000005,60,31,4.6499999999999995,1.55
2023-03-07,81,112,53,42,81,81,8.1,8.1,22.400000000000002,5.6000000000000005,53,42,6.3,2.1
2023-03-08,88,102,62,39,88,88,8.8,8.8,20.400000000000002,5.1000000000000005,62,39,5.85,1.9500000000000002
2023-03-09,74,125,57,42,74,74,7.4,7.4,25.0,6.25,57,42,6.3,2.1
2023-03-10,66,111,52,29,66,66,6.6000000000000005,6.6000000000000005,22.200000000000003,5.550000000000001,52,29,4.35,1.4500000000000002
2023-03-11,78,104,68,33,78,78,7.800000000000001,7.800000000000001,20.8,5.2,68,33,4.95,1.6500000000000001
2023-03-12,96,122,67,37,96,96,9.600000000000001,9.600000000000001,24.400000000000002,6.1000000000000005,67,37,5.55,1.85
2023-03-13,80,105,55,32,80,80,8.0,8.0,21.0,5.25,55,32,4.8,1.6
2023-03-14,81,115,56,35,81,81,8.1,8.1,23.0,5.75,56,35,5.25,1.75
2023-03-15,87,119,56,31,87,87,8.700000000000001,8.700000000000001,23.8,5.95,56,31,4.6499999999999995,1.55
2023-03-16,98,99,62,32,98,98,9.8,9.8,19.8,4.95,62,32,4.8,1.6
2023-03-17,71,108,64,37,71,71,7.1000000000000005,7.1000000000000005,21.6,5.4,64,37,5.55,1.85
2023-03-18,77,118,59,45,77,77,7.7,7.7,23.6,5.9,59,45,6.75,2.25
2023-03-19,77,137,63,32,77,77,7.7,7.7,27.400000000000002,6.8500000000000005,63,32,4.8,1.6
2023-03-20,83,136,51,35,83,83,8.3,8.3,27.200000000000003,6.800000000000001,51,35,5.25,1.75
2023-03-21,87,115,49,32,87,87,8.700000000000001,8.700000000000001,23.0,5.75,49,32,4.8,1.6
2023-03-22,88,111,65,44,88,88,8.8,8.8,22.200000000000003,5.550000000000001,65,44,6.6,2.2
2023-03-23,73,109,62,39,73,73,7.300000000000001,7.300000000000001,21.8,5.45,62,39,5.85,1.9500000000000002
2023-03-24,69,120,75,44,69,69,6.9,6.9,24.0,6.0,75,44,6.6,2.2
2023-03-25,82,118,59,48,82,82,8.200000000000001,8.200000000000001,23.6,5.9,59,48,7.199999999999999,2.4000000000000004
2023-03-26,82,97,68,37,82,82,8.200000000000001,8.200000000000001,19.400000000000002,4.8500000000000005,68,37,5.55,1.85
2023-03-27,81,115,66,34,81,81,8.1,8.1,23.0,5.75,66,34,5.1,1.7000000000000002
2023-03-28,69,120,73,41,69,69,6.9,6.9,24.0,6.0,73,41,6.1499999999999995,2.0500000000000003
2023-03-29,69,120,45,34,69,69,6.9,6.9,24.0,6.0,45,34,5.1,1.7000000000000002
2023-03-30,82,129,60,38,82,82,8.200000000000001,8.200000000000001,25.8,6.45,60,38,5.7,1.9000000000000001
2023-03-31,69,116,63,44,69,69,6.9,6.9,23.200000000000003,5.800000000000001,63,44,6.6,2.2
2023-04-01,72,130,63,30,72,72,7.2,7.2,26.0,6.5,63,30,4.5,1.5
2023-04-02,86,132,64,36,86,86,8.6,8.6,26.400000000000002,6.6000000000000005,64,36,5.3999999999999995,1.8
2023-04-03,72,109,58,47,72,72,7.2,7.2,21.8,5.45,58,47,7.05,2.35
2023-04-04,73,123,63,41,73,73,7.300000000000001,7.300000000000001,24.6,6.15,63,41,6.1499999999999995,2.0500000000000003
2023-04-05,87,134,71,39,87,87,8.700000000000001,8.700000000000001,26.8,6.7,71,39,5.85,1.9500000000000002
2023-04-06,74,124,50,33,74,74,7.4,7.4,24.8,6.2,50,33,4.95,1.6500000000000001
2023-04-07,68,112,63,34,68,68,6.800000000000001,6.800000000000001,22.400000000000002,5.6000000000000005,63,34,5.1,1.7000000000000002
2023-04-08,69,135,62,38,69,69,6.9,6.9,27.0,6.75,62,38,5.7,1.9000000000000001
2023-04-09,80,108,47,35,80,80,8.0,8.0,21.6,5.4,47,35,5.25,1.75
2023-04-10,74,127,61,44,74,74,7.4,7.4,25.400000000000002,6.3500000000000005,61,44,6.6,2.2
2023-04-11,82,120,56,31,82,82,8.200000000000001,8.200000000000001,24.0,6.0,56,31,4.6499999999999995,1.55
2023-04-12,86,126,54,46,86,86,8.6,8.6,25.200000000000003,6.300000000000001,54,46,6.8999999999999995,2.3000000000000003
2023-04-13,74,115,73,54,74,74,7.4,7.4,23.0,5.75,73,54,8.1,2.7
2023-04-14,71,134,68,44,71,71,7.1000000000000005,7.1000000000000005,26.8,6.7,68,44,6.6,2.2
2023-04-15,73,143,52,51,73,73,7.300000000000001,7.300000000000001,28.6,7.15,52,51,7.6499999999999995,2.5500000000000003
2023-04-16,85,139,76,36,85,85,8.5,8.5,27.8,6.95,76,36,5.3999999999999995,1.8
2023-04-17,72,101,56,28,72,72,7.2,7.2,20.200000000000003,5.050000000000001,56,28,4.2,1.4000000000000001
2023-04-18,81,114,71,35,81,81,8.1,8.1,22.8,5.7,71,35,5.25,1.75
2023-04-19,92,135,75,45,92,92,9.200000000000001,9.200000000000001,27.0,6.75,75,45,6.75,2.25
2023-04-20,79,129,58,35,79,79,7.9,7.9,25.8,6.45,58,35,5.25,1.75
2023-04-21,76,113,41,38,76,76,7.6000000000000005,7.6000000000000005,22.6,5.65,41,38,5.7,1.9000000000000001
2023-04-22,88,117,76,42,88,88,8.8,8.8,23.400000000000002,5.8500000000000005,76,42,6.3,2.1
2023-04-23,98,123,53,34,98,98,9.8,9.8,24.6,6.15,53,34,5.1,1.7000000000000002
2023-04-24,88,117,65,47,88,88,8.8,8.8,23.400000000000002,5.8500000000000005,65,47,7.05,2.35
2023-04-25,72,123,48,35,72,72,7.2,7.2,24.6,6.15,48,35,5.25,1.75
2023-04-26,91,125,47,38,91,91,9.1,9.1,25.0,6.25,47,38,5.7,1.9000000000000001
2023-04-27,86,101,64,48,86,86,8.6,8.6,20.200000000000003,5.050000000000001,64,48,7.199999999999999,2.4000000000000004
2023-04-28,79,132,64,35,79,79,7.9,7.9,26.400000000000002,6.6000000000000005,64,35,5.25,1.75
2023-04-29,88,127,65,42,88,88,8.8,8.8,25.400000000000002,6.3500000000000005,65,42,6.3,2.1
2023-04-30,70,134,68,37,70,70,7.0,7.0,26.8,6.7,68,37,5.55,1.85
2023-05-01,70,132,63,42,70,70,7.0,7.0,26.400000000000002,6.6000000000000005,63,42,6.3,2.1
2023-05-02,88,129,81,42,88,88,8.8,8.8,25.8,6.45,81,42,6.3,2.1
2023-05-03,85,113,45,37,85,85,8.5,8.5,22.6,5.65,45,37,5.55,1.85
2023-05-04,87,129,60,43,87,87,8.700000000000001,8.700000000000001,25.8,6.45,60,43,6.45,2.15
2023-05-05,78,108,64,29,78,78,7.800000000000001,7.800000000000001,21.6,5.4,64,29,4.35,1.4500000000000002
2023-05-06,84,145,58,38,84,84,8.4,8.4,29.0,7.25,58,38,5.7,1.9000000000000001
2023-05-07,77,136,53,43,77,77,7.7,7.7,27.200000000000003,6.800000000000001,53,43,6.45,2.15
2023-05-08,91,153,70,45,91,91,9.1,9.1,30.6,7.65,70,45,6.75,2.25
2023-05-09,87,106,73,46,87,87,8.700000000000001,8.700000000000001,21.200000000000003,5.300000000000001,73,46,6.8999999999999995,2.3000000000000003
2023-05-10,67,126,52,28,67,67,6.7,6.7,25.200000000000003,6.300000000000001,52,28,4.2,1.4000000000000001
2023-05-11,74,114,57,42,74,74,7.4,7.4,22.8,5.7,57,42,6.3,2.1
2023-05-12,85,130,59,32,85,85,8.5,8.5,26.0,6.5,59,32,4.8,1.6
2023-05-13,83,122,56,30,83,83,8.3,8.3,24.400000000000002,6.1000000000000005,56,30,4.5,1.5
2023-05-14,54,117,61,46,54,54,5.4,5.4,23.400000000000002,5.8500000000000005,61,46,6.8999999999999995,2.3000000000000003
2023-05-15,70,124,43,44,70,70,7.0,7.0,24.8,6.2,43,44,6.6,2.2
2023-05-16,76,101,61,39,76,76,7.6000000000000005,7.6000000000000005,20.200000000000003,5.050000000000001,61,39,5.85,1.9500000000000002
2023-05-17,81,101,54,48,81,81,8.1,8.1,20.200000000000003,5.050000000000001,54,48,7.199999999999999,2.4000000000000004
2023-05-18,71,125,61,34,71,71,7.1000000000000005,7.1000000000000005,25.0,6.25,61,34,5.1,1.7000000000000002
2023-05-19,64,112,70,45,64,64,6.4,6.4,22.400000000000002,5.6000000000000005,70,45,6.75,2.25
2023-05-20,76,134,59,40,76,76,7.6000000000000005,7.6000000000000005,26.8,6.7,59,40,6.0,2.0
2023-05-21,94,112,73,42,94,94,9.4,9.4,22.400000000000002,5.6000000000000005,73,42,6.3,2.1
2023-05-22,86,127,52,60,86,86,8.6,8.6,25.400000000000002,6.3500000000000005,52,60,9.0,3.0
2023-05-23,91,111,59,37,91,91,9.1,9.1,22.200000000000003,5.550000000000001,59,37,5.55,1.85
2023-05-24,70,153,64,45,70,70,7.0,7.0,30.6,7.65,64,45,6.75,2.25
2023-05-25,73,108,56,39,73,73,7.300000000000001,7.300000000000001,21.6,5.4,56,39,5.85,1.9500000000000002
2023-05-26,83,108,64,47,83,83,8.3,8.3,21.6,5.4,64,47,7.05,2.35
2023-05-27,82,110,54,41,82,82,8.200000000000001,8.200000000000001,22.0,5.5,54,41,6.1499999999999995,2.0500000000000003
2023-05-28,57,118,56,24,57,57,5.7,5.7,23.6,5.9,56,24,3.5999999999999996,1.2000000000000002
2023-05-29,84,119,60,32,84,84,8.4,8.4,23.8,5.95,60,32,4.8,1.6
2023-05-30,75,109,84,43,75,75,7.5,7.5,21.8,5.45,84,43,6.45,2.15
2023-05-31,92,126,76,40,92,92,9.200000000000001,9.200000000000001,25.200000000000003,6.300000000000001,76,40,6.0,2.0
2023-06-01,92,126,53,38,92,92,9.200000000000001,9.200000000000001,25.200000000000003,6.300000000000001,53,38,5.7,1.9000000000000001
2023-06-02,67,134,61,49,67,67,6.7,6.7,26.8,6.7,61,49,7.35,2.45
2023-06-03,75,131,67,47,75,75,7.5,7.5,26.200000000000003,6.550000000000001,67,47,7.05,2.35
2023-06-04,81,114,58,38,81,81,8.1,8.1,22.8,5.7,58,38,5.7,1.9000000000000001
2023-06-05,73,111,62,42,73,73,7.300000000000001,7.300000000000001,22.200000000000003,5.550000000000001,62,42,6.3,2.1
2023-06-06,77,121,57,41,77,77,7.7,7.7,24.200000000000003,6.050000000000001,57,41,6.1499999999999995,2.0500000000000003
2023-06-07,83,131,79,34,83,83,8.3,8.3,26.200000000000003,6.550000000000001,79,34,5.1,1.7000000000000002
2023-06-08,84,115,60,36,84,84,8.4,8.4,23.0,5.75,60,36,5.3999999999999995,1.8
2023-06-09,89,114,65,38,89,89,8.9,8.9,22.8,5.7,65,38,5.7,1.9000000000000001
2023-06-10,71,109,65,41,71,71,7.1000000000000005,7.1000000000000005,21.8,5.45,65,41,6.1499999999999995,2.0500000000000003
2023-06-11,104,131,78,34,104,104,10.4,10.4,26.200000000000003,6.550000000000001,78,34,5.1,1.7000000000000002
2023-06-12,83,115,67,47,83,83,8.3,8.3,23.0,5.75,67,47,7.05,2.35
2023-06-13,84,124,62,34,84,84,8.4,8.4,24.8,6.2,62,34,5.1,1.7000000000000002
2023-06-14,83,111,62,44,83,83,8.3,8.3,22.200000000000003,5.550000000000001,62,44,6.6,2.2
2023-06-15,78,106,65,36,78,78,7.800000000000001,7.800000000000001,21.200000000000003,5.300000000000001,65,36,5.3999999999999995,1.8
2023-06-16,71,111,46,35,71,71,7.1000000000000005,7.1000000000000005,22.200000000000003,5.550000000000001,46,35,5.25,1.75
2023-06-17,92,121,56,41,92,92,9.200000000000001,9.200000000000001,24.200000000000003,6.050000000000001,56,41,6.1499999999999995,2.0500000000000003
2023-06-18,79,122,52,34,79,79,7.9,7.9,24.400000000000002,6.1000000000000005,52,34,5.1,1.7000000000000002
2023-06-19,66,129,64,51,66,66,6.6000000000000005,6.6000000000000005,25.8,6.45,64,51,7.6499999999999995,2.5500000000000003
2023-06-20,77,121,60,30,77,77,7.7,7.7,24.200000000000003,6.050000000000001,60,30,4.5,1.5
2023-06-21,68,130,54,30,68,68,6.800000000000001,6.800000000000001,26.0,6.5,54,30,4.5,1.5
2023-06-22,81,117,62,51,81,81,8.1,8.1,23.400000000000002,5.8500000000000005,62,51,7.6499999999999995,2.5500000000000003
2023-06-23,72,105,57,48,72,72,7.2,7.2,21.0,5.25,57,48,7.199999999999999,2.4000000000000004
2023-06-24,88,101,52,43,88,88,8.8,8.8,20.200000000000003,5.050000000000001,52,43,6.45,2.15
2023-06-25,96,123,52,38,96,96,9.600000000000001,9.600000000000001,24.6,6.15,52,38,5.7,1.9000000000000001
2023-06-26,76,114,59,43,76,76,7.6000000000000005,7.6000000000000005,22.8,5.7,59,43,6.45,2.15
2023-06-27,83,107,67,27,83,83,8.3,8.3,21.400000000000002,5.3500000000000005,67,27,4.05,1.35
2023-06-28,69,113,64,46,69,69,6.9,6.9,22.6,5.65,64,46,6.8999999999999995,2.3000000000000003
2023-06-29,75,121,50,39,75,75,7.5,7.5,24.200000000000003,6.050000000000001,50,39,5.85,1.9500000000000002
2023-06-30,76,132,67,38,76,76,7.6000000000000005,7.6000000000000005,26.400000000000002,6.6000000000000005,67,38,5.7,1.9000000000000001
2023-07-01,87,121,80,31,87,87,8.700000000000001,8.700000000000001,24.200000000000003,6.050000000000001,80,31,4.6499999999999995,1.55
2023-07-02,79,103,51,45,79,79,7.9,7.9,20.6,5.15,51,45,6.75,2.25
2023-07-03,77,119,67,44,77,77,7.7,7.7,23.8,5.95,67,44,6.6,2.2
2023-07-04,73,119,64,43,73,73,7.300000000000001,7.300000000000001,23.8,5.95,64,43,6.45,2.15
2023-07-05,63,107,60,24,63,63,6.300000000000001,6.300000000000001,21.400000000000002,5.3500000000000005,60,24,3.5999999999999996,1.2000000000000002
2023-07-06,86,100,57,37,86,86,8.6,8.6,20.0,5.0,57,37,5.55,1.85
2023-07-07,84,108,64,35,84,84,8.4,8.4,21.6,5.4,64,35,5.25,1.75
2023-07-08,74,124,53,42,74,74,7.4,7.4,24.8,6.2,53,42,6.3,2.1
2023-07-09,84,130,62,46,84,84,8.4,8.4,26.0,6.5,62,46,6.8999999999999995,2.3000000000000003
2023-07-10,68,140,57,39,68,68,6.800000000000001,6.800000000000001,28.0,7.0,57,39,5.85,1.9500000000000002
2023-07-11,99,105,71,36,99,99,9.9,9.9,21.0,5.25,71,36,5.3999999999999995,1.8
2023-07-12,91,139,66,47,91,91,9.1,9.1,27.8,6.95,66,47,7.05,2.35
2023-07-13,88,108,41,32,88,88,8.8,8.8,21.6,5.4,41,32,4.8,1.6
2023-07-14,89,120,65,42,89,89,8.9,8.9,24.0,6.0,65,42,6.3,2.1
2023-07-15,74,126,63,33,74,74,7.4,7.4,25.200000000000003,6.300000000000001,63,33,4.95,1.6500000000000001
2023-07-16,66,130,61,42,66,66,6.6000000000000005,6.6000000000000005,26.0,6.5,61,42,6.3,2.1
2023-07-17,76,122,66,45,76,76,7.6000000000000005,7.6000000000000005,24.400000000000002,6.1000000000000005,66,45,6.75,2.25
2023-07-18,102,114,55,39,102,102,10.200000000000001,10.200000000000001,22.8,5.7,55,39,5.85,1.9500000000000002
2023-07-19,93,116,65,42,93,93,9.3,9.3,23.200000000000003,5.800000000000001,65,42,6.3,2.1
2023-07-20,88,123,63,41,88,88,8.8,8.8,24.6,6.15,63,41,6.1499999999999995,2.0500000000000003
2023-07-21,82,126,54,40,82,82,8.200000000000001,8.200000000000001,25.200000000000003,6.300000000000001,54,40,6.0,2.0
2023-07-22,62,130,67,39,62,62,6.2,6.2,26.0,6.5,67,39,5.85,1.9500000000000002
2023-07-23,75,102,62,43,75,75,7.5,7.5,20.400000000000002,5.1000000000000005,62,43,6.45,2.15
2023-07-24,84,105,69,41,84,84,8.4,8.4,21.0,5.25,69,41,6.1499999999999995,2.0500000000000003
2023-07-25,71,115,55,35,71,71,7.1000000000000005,7.1000000000000005,23.0,5.75,55,35,5.25,1.75
2023-07-26,71,119,50,44,71,71,7.1000000000000005,7.1000000000000005,23.8,5.95,50,44,6.6,2.2
2023-07-27,78,129,62,45,78,78,7.800000000000001,7.800000000000001,25.8,6.45,62,45,6.75,2.25
2023-07-28,102,97,54,50,102,102,10.200000000000001,10.200000000000001,19.400000000000002,4.8500000000000005,54,50,7.5,2.5
2023-07-29,74,118,45,22,74,74,7.4,7.4,23.6,5.9,45,22,3.3,1.1
2023-07-30,94,121,56,52,94,94,9.4,9.4,24.200000000000003,6.050000000000001,56,52,7.8,2.6
2023-07-31,78,112,52,42,78,78,7.800000000000001,7.800000000000001,22.400000000000002,5.6000000000000005,52,42,6.3,2.1
2023-08-01,67,110,69,40,67,67,6.7,6.7,22.0,5.5,69,40,6.0,2.0
2023-08-02,91,99,61,39,91,91,9.1,9.1,19.8,4.95,61,39,5.85,1.9500000000000002
2023-08-03,91,119,63,27,91,91,9.1,9.1,23.8,5.95,63,27,4.05,1.35
2023-08-04,89,109,51,45,89,89,8.9,8.9,21.8,5.45,51,45,6.75,2.25
2023-08-05,92,111,35,39,92,92,9.200000000000001,9.200000000000001,22.200000000000003,5.550000000000001,35,39,5.85,1.9500000000000002
2023-08-06,81,104,68,34,81,81,8.1,8.1,20.8,5.2,68,34,5.1,1.7000000000000002
2023-08-07,74,122,67,50,74,74,7.4,7.4,24.400000000000002,6.1000000000000005,67,50,7.5,2.5
2023-08-08,70,130,50,43,70,70,7.0,7.0,26.0,6.5,50,43,6.45,2.15
2023-08-09,78,131,82,42,78,78,7.800000000000001,7.800000000000001,26.200000000000003,6.550000000000001,82,42,6.3,2.1
2023-08-10,92,108,61,29,92,92,9.200000000000001,9.200000000000001,21.6,5.4,61,29,4.35,1.4500000000000002
2023-08-11,71,131,65,39,71,71,7.1000000000000005,7.1000000000000005,26.200000000000003,6.550000000000001,65,39,5.85,1.9500000000000002
2023-08-12,79,120,56,44,79,79,7.9,7.9,24.0,6.0,56,44,6.6,2.2
2023-08-13,66,106,59,43,66,66,6.6000000000000005,6.6000000000000005,21.200000000000003,5.300000000000001,59,43,6.45,2.15
2023-08-14,76,119,63,43,76,76,7.6000000000000005,7.6000000000000005,23.8,5.95,63,43,6.45,2.15
2023-08-15,85,108,53,36,85,85,8.5,8.5,21.6,5.4,53,36,5.3999999999999995,1.8
2023-08-16,85,114,63,48,85,85,8.5,8.5,22.8,5.7,63,48,7.199999999999999,2.4000000000000004
2023-08-17,88,112,64,31,88,88,8.8,8.8,22.400000000000002,5.6000000000000005,64,31,4.6499999999999995,1.55
2023-08-18,79,121,58,36,79,79,7.9,7.9,24.200000000000003,6.050000000000001,58,36,5.3999999999999995,1.8
2023-08-19,74,129,65,47,74,74,7.4,7.4,25.8,6.45,65,47,7.05,2.35
2023-08-20,92,127,48,36,92,92,9.200000000000001,9.200000000000001,25.400000000000002,6.3500000000000005,48,36,5.3999999999999995,1.8
2023-08-21,74,128,72,43,74,74,7.4,7.4,25.6,6.4,72,43,6.45,2.15
2023-08-22,93,101,67,48,93,93,9.3,9.3,20.200000000000003,5.050000000000001,67,48,7.199999999999999,2.4000000000000004
2023-08-23,83,103,64,49,83,83,8.3,8.3,20.6,5.15,64,49,7.35,2.45
2023-08-24,80,114,67,49,80,80,8.0,8.0,22.8,5.7,67,49,7.35,2.45
2023-08-25,83,123,54,30,83,83,8.3,8.3,24.6,6.15,54,30,4.5,1.5
2023-08-26,80,145,66,42,80,80,8.0,8.0,29.0,7.25,66,42,6.3,2.1
2023-08-27,73,119,50,40,73,73,7.300000000000001,7.300000000000001,23.8,5.95,50,40,6.0,2.0
2023-08-28,83,110,53,31,83,83,8.3,8.3,22.0,5.5,53,31,4.6499999999999995,1.55
2023-08-29,89,120,74,30,89,89,8.9,8.9,24.0,6.0,74,30,4.5,1.5
2023-08-30,67,120,60,36,67,67,6.7,6.7,24.0,6.0,60,36,5.3999999999999995,1.8
2023-08-31,78,137,62,47,78,78,7.800000000000001,7.800000000000001,27.400000000000002,6.8500000000000005,62,47,7.05,2.35
2023-09-01,84,112,62,31,84,84,8.4,8.4,22.400000000000002,5.6000000000000005,62,31,4.6499999999999995,1.55
2023-09-02,79,105,66,29,79,79,7.9,7.9,21.0,5.25,66,29,4.35,1.4500000000000002
2023-09-03,98,126,62,42,98,98,9.8,9.8,25.200000000000003,6.300000000000001,62,42,6.3,2.1
2023-09-04,86,137,61,36,86,86,8.6,8.6,27.400000000000002,6.8500000000000005,61,36,5.3999999999999995,1.8
2023-09-05,82,105,56,43,82,82,8.200000000000001,8.200000000000001,21.0,5.25,56,43,6.45,2.15
2023-09-06,85,126,55,39,85,85,8.5,8.5,25.200000000000003,6.300000000000001,55,39,5.85,1.9500000000000002
2023-09-07,89,138,56,37,89,89,8.9,8.9,27.6,6.9,56,37,5.55,1.85
2023-09-08,86,116,58,49,86,86,8.6,8.6,23.200000000000003,5.800000000000001,58,49,7.35,2.45
2023-09-09,69,125,56,38,69,69,6.9,6.9,25.0,6.25,56,38,5.7,1.9000000000000001
2023-09-10,85,116,64,40,85,85,8.5,8.5,23.200000000000003,5.800000000000001,64,40,6.0,2.0
2023-09-11,80,116,51,45,80,80,8.0,8.0,23.200000000000003,5.800000000000001,51,45,6.75,2.25
2023-09-12,74,105,56,42,74,74,7.4,7.4,21.0,5.25,56,42,6.3,2.1
2023-09-13,103,116,61,41,103,103,10.3,10.3,23.200000000000003,5.800000000000001,61,41,6.1499999999999995,2.0500000000000003
2023-09-14,87,118,54,27,87,87,8.700000000000001,8.700000000000001,23.6,5.9,54,27,4.05,1.35
2023-09-15,81,122,59,40,81,81,8.1,8.1,24.400000000000002,6.1000000000000005,59,40,6.0,2.0
2023-09-16,83,124,58,39,83,83,8.3,8.3,24.8,6.2,58,39,5.85,1.9500000000000002
2023-09-17,94,121,50,36,94,94,9.4,9.4,24.200000000000003,6.050000000000001,50,36,5.3999999999999995,1.8
2023-09-18,99,119,60,42,99,99,9.9,9.9,23.8,5.95,60,42,6.3,2.1
2023-09-19,74,129,60,41,74,74,7.4,7.4,25.8,6.45,60,41,6.1499999999999995,2.0500000000000003
2023-09-20,90,122,52,48,90,90,9.0,9.0,24.400000000000002,6.1000000000000005,52,48,7.199999999999999,2.4000000000000004
2023-09-21,90,118,63,44,90,90,9.0,9.0,23.6,5.9,63,44,6.6,2.2
2023-09-22,85,113,68,43,85,85,8.5,8.5,22.6,5.65,68,43,6.45,2.15
2023-09-23,74,128,66,45,74,74,7.4,7.4,25.6,6.4,66,45,6.75,2.25
2023-09-24,84,133,47,29,84,84,8.4,8.4,26.6,6.65,47,29,4.35,1.4500000000000002
2023-09-25,78,115,60,29,78,78,7.800000000000001,7.800000000000001,23.0,5.75,60,29,4.35,1.4500000000000002
2023-09-26,88,95,58,35,88,88,8.8,8.8,19.0,4.75,58,35,5.25,1.75
2023-09-27,77,114,53,37,77,77,7.7,7.7,22.8,5.7,53,37,5.55,1.85
2023-09-28,68,120,62,28,68,68,6.800000000000001,6.800000000000001,24.0,6.0,62,28,4.2,1.4000000000000001
2023-09-29,73,132,61,32,73,73,7.300000000000001,7.300000000000001,26.400000000000002,6.6000000000000005,61,32,4.8,1.6
2023-09-30,74,113,63,45,74,74,7.4,7.4,22.6,5.65,63,45,6.75,2.25
2023-10-01,59,127,69,35,59,59,5.9,5.9,25.400000000000002,6.3500000000000005,69,35,5.25,1.75
2023-10-02,75,115,69,39,75,75,7.5,7.5,23.0,5.75,69,39,5.85,1.9500000000000002
2023-10-03,77,102,60,42,77,77,7.7,7.7,20.400000000000002,5.1000000000000005,60,42,6.3,2.1
2023-10-04,86,145,55,46,86,86,8.6,8.6,29.0,7.25,55,46,6.8999999999999995,2.3000000000000003
2023-10-05,59,147,58,34,59,59,5.9,5.9,29.400000000000002,7.3500000000000005,58,34,5.1,1.7000000000000002
2023-10-06,76,129,53,39,76,76,7.6000000000000005,7.6000000000000005,25.8,6.45,53,39,5.85,1.9500000000000002
2023-10-07,72,123,50,45,72,72,7.2,7.2,24.6,6.15,50,45,6.75,2.25
2023-10-08,84,127,71,37,84,84,8.4,8.4,25.400000000000002,6.3500000000000005,71,37,5.55,1.85
2023-10-09,67,112,56,31,67,67,6.7,6.7,22.400000000000002,5.6000000000000005,56,31,4.6499999999999995,1.55
2023-10-10,80,121,64,45,80,80,8.0,8.0,24.200000000000003,6.050000000000001,64,45,6.75,2.25
2023-10-11,80,105,49,45,80,80,8.0,8.0,21.0,5.25,49,45,6.75,2.25
2023-10-12,76,133,72,46,76,76,7.6000000000000005,7.6000000000000005,26.6,6.65,72,46,6.8999999999999995,2.3000000000000003
2023-10-13,77,99,54,45,77,77,7.7,7.7,19.8,4.95,54,45,6.75,2.25
2023-10-14,98,149,57,34,98,98,9.8,9.8,29.8,7.45,57,34,5.1,1.7000000000000002
2023-10-15,83,122,68,38,83,83,8.3,8.3,24.400000000000002,6.1000000000000005,68,38,5.7,1.9000000000000001
2023-10-16,73,138,59,44,73,73,7.300000000000001,7.300000000000001,27.6,6.9,59,44,6.6,2.2
2023-10-17,69,124,61,40,69,69,6.9,6.9,24.8,6.2,61,40,6.0,2.0
2023-10-18,64,131,61,25,64,64,6.4,6.4,26.200000000000003,6.550000000000001,61,25,3.75,1.25
2023-10-19,79,133,80,41,79,79,7.9,7.9,26.6,6.65,80,41,6.1499999999999995,2.0500000000000003
2023-10-20,78,100,66,40,78,78,7.800000000000001,7.800000000000001,20.0,5.0,66,40,6.0,2.0
2023-10-21,73,125,61,40,73,73,7.300000000000001,7.300000000000001,25.0,6.25,61,40,6.0,2.0
2023-10-22,96,124,56,44,96,96,9.600000000000001,9.600000000000001,24.8,6.2,56,44,6.6,2.2
2023-10-23,78,119,49,38,78,78,7.800000000000001,7.800000000000001,23.8,5.95,49,38,5.7,1.9000000000000001
2023-10-24,87,116,62,46,87,87,8.700000000000001,8.700000000000001,23.200000000000003,5.800000000000001,62,46,6.8999999999999995,2.3000000000000003
2023-10-25,82,125,48,34,82,82,8.200000000000001,8.200000000000001,25.0,6.25,48,34,5.1,1.7000000000000002
2023-10-26,55,134,77,39,55,55,5.5,5.5,26.8,6.7,77,39,5.85,1.9500000000000002
2023-10-27,80,113,71,46,80,80,8.0,8.0,22.6,5.65,71,46,6.8999999999999995,2.3000000000000003
2023-10-28,80,123,56,34,80,80,8.0,8.0,24.6,6.15,56,34,5.1,1.7000000000000002
2023-10-29,80,131,56,45,80,80,8.0,8.0,26.200000000000003,6.550000000000001,56,45,6.75,2.25
2023-10-30,81,118,50,40,81,81,8.1,8.1,23.6,5.9,50,40,6.0,2.0
2023-10-31,75,111,53,38,75,75,7.5,7.5,22.200000000000003,5.550000000000001,53,38,5.7,1.9000000000000001
2023-11-01,75,131,57,45,75,75,7.5,7.5,26.200000000000003,6.550000000000001,57,45,6.75,2.25
2023-11-02,82,101,65,46,82,82,8.200000000000001,8.200000000000001,20.200000000000003,5.050000000000001,65,46,6.8999999999999995,2.3000000000000003
2023-11-03,101,112,55,45,101,101,10.100000000000001,10.100000000000001,22.400000000000002,5.6000000000000005,55,45,6.75,2.25
2023-11-04,80,116,68,44,80,80,8.0,8.0,23.200000000000003,5.800000000000001,68,44,6.6,2.2
2023-11-05,95,128,55,34,95,95,9.5,9.5,25.6,6.4,55,34,5.1,1.7000000000000002
2023-11-06,76,133,65,54,76,76,7.6000000000000005,7.6000000000000005,26.6,6.65,65,54,8.1,2.7
2023-11-07,77,130,57,47,77,77,7.7,7.7,26.0,6.5,57,47,7.05,2.35
2023-11-08,78,127,43,44,78,78,7.800000000000001,7.800000000000001,25.400000000000002,6.3500000000000005,43,44,6.6,2.2
2023-11-09,70,122,50,33,70,70,7.0,7.0,24.400000000000002,6.1000000000000005,50,33,4.95,1.6500000000000001
2023-11-10,74,126,54,41,74,74,7.4,7.4,25.200000000000003,6.300000000000001,54,41,6.1499999999999995,2.0500000000000003
2023-11-11,94,126,61,36,94,94,9.4,9.4,25.200000000000003,6.300000000000001,61,36,5.3999999999999995,1.8
2023-11-12,83,128,55,43,83,83,8.3,8.3,25.6,6.4,55,43,6.45,2.15
2023-11-13,61,143,64,34,61,61,6.1000000000000005,6.1000000000000005,28.6,7.15,64,34,5.1,1.7000000000000002
2023-11-14,87,113,45,31,87,87,8.700000000000001,8.700000000000001,22.6,5.65,45,31,4.6499999999999995,1.55
2023-11-15,86,117,58,34,86,86,8.6,8.6,23.400000000000002,5.8500000000000005,58,34,5.1,1.7000000000000002
2023-11-16,74,123,55,42,74,74,7.4,7.4,24.6,6.15,55,42,6.3,2.1
2023-11-17,84,111,65,36,84,84,8.4,8.4,22.200000000000003,5.550000000000001,65,36,5.3999999999999995,1.8
2023-11-18,82,144,53,44,82,82,8.200000000000001,8.200000000000001,28.8,7.2,53,44,6.6,2.2
2023-11-19,78,123,59,38,78,78,7.800000000000001,7.800000000000001,24.6,6.15,59,38,5.7,1.9000000000000001
2023-11-20,71,103,73,35,71,71,7.1000000000000005,7.1000000000000005,20.6,5.15,73,35,5.25,1.75
2023-11-21,86,123,63,44,86,86,8.6,8.6,24.6,6.15,63,44,6.6,2.2
2023-11-22,87,111,54,27,87,87,8.700000000000001,8.700000000000001,22.200000000000003,5.550000000000001,54,27,4.05,1.35
2023-11-23,86,126,75,34,86,86,8.6,8.6,25.200000000000003,6.300000000000001,75,34,5.1,1.7000000000000002
2023-11-24,87,121,57,42,87,87,8.700000000000001,8.700000000000001,24.200000000000003,6.050000000000001,57,42,6.3,2.1
2023-11-25,74,136,67,42,74,74,7.4,7.4,27.200000000000003,6.800000000000001,67,42,6.3,2.1
2023-11-26,86,118,75,47,86,86,8.6,8.6,23.6,5.9,75,47,7.05,2.35
2023-11-27,78,113,44,51,78,78,7.800000000000001,7.800000000000001,22.6,5.65,44,51,7.6499999999999995,2.5500000000000003
2023-11-28,87,125,51,28,87,87,8.700000000000001,8.700000000000001,25.0,6.25,51,28,4.2,1.4000000000000001
2023-11-29,84,131,49,36,84,84,8.4,8.4,26.200000000000003,6.550000000000001,49,36,5.3999999999999995,1.8
2023-11-30,80,115,68,36,80,80,8.0,8.0,23.0,5.75,68,36,5.3999999999999995,1.8
2023-12-01,101,115,48,41,101,101,10.100000000000001,10.100000000000001,23.0,5.75,48,41,6.1499999999999995,2.0500000000000003
2023-12-02,71,126,70,39,71,71,7.1000000000000005,7.1000000000000005,25.200000000000003,6.300000000000001,70,39,5.85,1.9500000000000002
2023-12-03,70,108,53,33,70,70,7.0,7.0,21.6,5.4,53,33,4.95,1.6500000000000001
2023-12-04,86,120,47,33,86,86,8.6,8.6,24.0,6.0,47,33,4.95,1.6500000000000001
2023-12-05,73,104,60,35,73,73,7.300000000000001,7.300000000000001,20.8,5.2,60,35,5.25,1.75
2023-12-06,77,124,58,41,77,77,7.7,7.7,24.8,6.2,58,41,6.1499999999999995,2.0500000000000003
2023-12-07,85,120,70,41,85,85,8.5,8.5,24.0,6.0,70,41,6.1499999999999995,2.0500000000000003
2023-12-08,83,115,64,38,83,83,8.3,8.3,23.0,5.75,64,38,5.7,1.9000000000000001
2023-12-09,71,117,67,39,71,71,7.1000000000000005,7.1000000000000005,23.400000000000002,5.8500000000000005,67,39,5.85,1.9500000000000002
2023-12-10,83,112,65,47,83,83,8.3,8.3,22.400000000000002,5.6000000000000005,65,47,7.05,2.35
2023-12-11,75,118,69,39,75,75,7.5,7.5,23.6,5.9,69,39,5.85,1.9500000000000002
2023-12-12,77,137,57,58,77,77,7.7,7.7,27.400000000000002,6.8500000000000005,57,58,8.7,2.9000000000000004
2023-12-13,84,116,61,34,84,84,8.4,8.4,23.200000000000003,5.800000000000001,61,34,5.1,1.7000000000000002
2023-12-14,77,116,65,44,77,77,7.7,7.7,23.200000000000003,5.800000000000001,65,44,6.6,2.2
2023-12-15,72,119,68,41,72,72,7.2,7.2,23.8,5.95,68,41,6.1499999999999995,2.0500000000000003
2023-12-16,87,130,68,32,87,87,8.700000000000001,8.700000000000001,26.0,6.5,68,32,4.8,1.6
2023-12-17,83,108,71,50,83,83,8.3,8.3,21.6,5.4,71,50,7.5,2.5
2023-12-18,82,136,63,39,82,82,8.200000000000001,8.200000000000001,27.200000000000003,6.800000000000001,63,39,5.85,1.9500000000000002
2023-12-19,74,114,53,50,74,74,7.4,7.4,22.8,5.7,53,50,7.5,2.5
2023-12-20,71,126,68,46,71,71,7.1000000000000005,7.1000000000000005,25.200000000000003,6.300000000000001,68,46,6.8999999999999995,2.3000000000000003
2023-12-21,85,142,56,34,85,85,8.5,8.5,28.400000000000002,7.1000000000000005,56,34,5.1,1.7000000000000002
2023-12-22,72,112,68,45,72,72,7.2,7.2,22.400000000000002,5.6000000000000005,68,45,6.75,2.25
2023-12-23,65,116,54,37,65,65,6.5,6.5,23.200000000000003,5.800000000000001,54,37,5.55,1.85
2023-12-24,93,111,45,45,93,93,9.3,9.3,22.200000000000003,5.550000000000001,45,45,6.75,2.25
2023-12-25,73,117,67,36,73,73,7.300000000000001,7.300000000000001,23.400000000000002,5.8500000000000005,67,36,5.3999999999999995,1.8
2023-12-26,72,129,66,47,72,72,7.2,7.2,25.8,6.45,66,47,7.05,2.35
2023-12-27,82,134,66,44,82,82,8.200000000000001,8.200000000000001,26.8,6.7,66,44,6.6,2.2
2023-12-28,72,115,68,42,72,72,7.2,7.2,23.0,5.75,68,42,6.3,2.1
2023-12-29,79,126,76,40,79,79,7.9,7.9,25.200000000000003,6.300000000000001,76,40,6.0,2.0
2023-12-30,85,112,63,33,85,85,8.5,8.5,22.400000000000002,5.6000000000000005,63,33,4.95,1.6500000000000001
2023-12-31,79,132,62,47,79,79,7.9,7.9,26.400000000000002,6.6000000000000005,62,47,7.05,2.35
2024-01-01,103,120,51,36,103,103,10.3,10.3,24.0,6.0,51,36,5.3999999999999995,1.8
2024-01-02,82,115,47,43,82,82,8.200000000000001,8.200000000000001,23.0,5.75,47,43,6.45,2.15
2024-01-03,71,113,72,47,71,71,7.1000000000000005,7.1000000000000005,22.6,5.65,72,47,7.05,2.35
2024-01-04,76,102,46,34,76,76,7.6000000000000005,7.6000000000000005,20.400000000000002,5.1000000000000005,46,34,5.1,1.7000000000000002
2024-01-05,74,108,55,37,74,74,7.4,7.4,21.6,5.4,55,37,5.55,1.85
2024-01-06,72,112,64,34,72,72,7.2,7.2,22.400000000000002,5.6000000000000005,64,34,5.1,1.7000000000000002
2024-01-07,69,134,47,36,69,69,6.9,6.9,26.8,6.7,47,36,5.3999999999999995,1.8
2024-01-08,89,122,50,35,89,89,8.9,8.9,24.400000000000002,6.1000000000000005,50,35,5.25,1.75
2024-01-09,65,114,44,39,65,65,6.5,6.5,22.8,5.7,44,39,5.85,1.9500000000000002
2024-01-10,82,129,56,49,82,82,8.200000000000001,8.200000000000001,25.8,6.45,56,49,7.35,2.45
2024-01-11,71,128,60,37,71,71,7.1000000000000005,7.1000000000000005,25.6,6.4,60,37,5.55,1.85
2024-01-12,77,118,50,54,77,77,7.7,7.7,23.6,5.9,50,54,8.1,2.7
2024-01-13,82,120,53,38,82,82,8.200000000000001,8.200000000000001,24.0,6.0,53,38,5.7,1.9000000000000001
2024-01-14,69,109,53,47,69,69,6.9,6.9,21.8,5.45,53,47,7.05,2.35
2024-01-15,82,116,57,41,82,82,8.200000000000001,8.200000000000001,23.200000000000003,5.800000000000001,57,41,6.1499999999999995,2.0500000000000003
2024-01-16,88,126,53,35,88,88,8.8,8.8,25.200000000000003,6.300000000000001,53,35,5.25,1.75
2024-01-17,88,128,59,30,88,88,8.8,8.8,25.6,6.4,59,30,4.5,1.5
2024-01-18,95,113,54,39,95,95,9.5,9.5,22.6,5.65,54,39,5.85,1.9500000000000002
2024-01-19,87,120,67,47,87,87,8.700000000000001,8.700000000000001,24.0,6.0,67,47,7.05,2.35
2024-01-20,76,124,60,26,76,76,7.6000000000000005,7.6000000000000005,24.8,6.2,60,26,3.9,1.3
2024-01-21,81,132,54,44,81,81,8.1,8.1,26.400000000000002,6.6000000000000005,54,44,6.6,2.2
2024-01-22,83,108,67,45,83,83,8.3,8.3,21.6,5.4,67,45,6.75,2.25
2024-01-23,88,126,74,28,88,88,8.8,8.8,25.200000000000003,6.300000000000001,74,28,4.2,1.4000000000000001
2024-01-24,90,129,56,56,90,90,9.0,9.0,25.8,6.45,56,56,8.4,2.8000000000000003
2024-01-25,97,123,56,45,97,97,9.700000000000001,9.700000000000001,24.6,6.15,56,45,6.75,2.25
2024-01-26,86,115,59,37,86,86,8.6,8.6,23.0,5.75,59,37,5.55,1.85
2024-01-27,97,116,45,33,97,97,9.700000000000001,9.700000000000001,23.200000000000003,5.800000000000001,45,33,4.95,1.6500000000000001
2024-01-28,79,111,64,45,79,79,7.9,7.9,22.200000000000003,5.550000000000001,64,45,6.75,2.25
2024-01-29,94,129,64,38,94,94,9.4,9.4,25.8,6.45,64,38,5.7,1.9000000000000001
2024-01-30,93,114,54,33,93,93,9.3,9.3,22.8,5.7,54,33,4.95,1.6500000000000001
2024-01-31,78,105,61,40,78,78,7.800000000000001,7.800000000000001,21.0,5.25,61,40,6.0,2.0
2024-02-01,82,108,61,37,82,82,8.200000000000001,8.200000000000001,21.6,5.4,61,37,5.55,1.85
2024-02-02,84,131,58,46,84,84,8.4,8.4,26.200000000000003,6.550000000000001,58,46,6.8999999999999995,2.3000000000000003
2024-02-03,82,110,62,41,82,82,8.200000000000001,8.200000000000001,22.0,5.5,62,41,6.1499999999999995,2.0500000000000003
2024-02-04,70,113,58,26,70,70,7.0,7.0,22.6,5.65,58,26,3.9,1.3
2024-02-05,85,111,54,37,85,85,8.5,8.5,22.200000000000003,5.550000000000001,54,37,5.55,1.85
2024-02-06,89,115,68,34,89,89,8.9,8.9,23.0,5.75,68,34,5.1,1.7000000000000002
2024-02-07,79,132,57,47,79,79,7.9,7.9,26.400000000000002,6.6000000000000005,57,47,7.05,2.35
2024-02-08,79,141,75,41,79,79,7.9,7.9,28.200000000000003,7.050000000000001,75,41,6.1499999999999995,2.0500000000000003
2024-02-09,79,107,65,38,79,79,7.9,7.9,21.400000000000002,5.3500000000000005,65,38,5.7,1.9000000000000001
2024-02-10,83,125,57,38,83,83,8.3,8.3,25.0,6.25,57,38,5.7,1.9000000000000001
2024-02-11,89,116,48,38,89,89,8.9,8.9,23.200000000000003,5.800000000000001,48,38,5.7,1.9000000000000001
2024-02-12,84,117,51,33,84,84,8.4,8.4,23.400000000000002,5.8500000000000005,51,33,4.95,1.6500000000000001
2024-02-13,81,120,79,51,81,81,8.1,8.1,24.0,6.0,79,51,7.6499999999999995,2.5500000000000003
2024-02-14,83,128,64,44,83,83,8.3,8.3,25.6,6.4,64,44,6.6,2.2
2024-02-15,69,121,58,50,69,69,6.9,6.9,24.200000000000003,6.050000000000001,58,50,7.5,2.5
2024-02-16,90,120,62,24,90,90,9.0,9.0,24.0,6.0,62,24,3.5999999999999996,1.2000000000000002
2024-02-17,105,128,64,54,105,105,10.5,10.5,25.6,6.4,64,54,8.1,2.7
2024-02-18,88,123,64,53,88,88,8.8,8.8,24.6,6.15,64,53,7.949999999999999,2.6500000000000004
2024-02-19,83,114,58,33,83,83,8.3,8.3,22.8,5.7,58,33,4.95,1.6500000000000001
2024-02-20,65,103,64,33,65,65,6.5,6.5,20.6,5.15,64,33,4.95,1.6500000000000001
2024-02-21,72,140,43,41,72,72,7.2,7.2,28.0,7.0,43,41,6.1499999999999995,2.0500000000000003
2024-02-22,75,123,55,38,75,75,7.5,7.5,24.6,6.15,55,38,5.7,1.9000000000000001
2024-02-23,60,132,53,30,60,60,6.0,6.0,26.400000000000002,6.6000000000000005,53,30,4.5,1.5
2024-02-24,76,101,66,40,76,76,7.6000000000000005,7.6000000000000005,20.200000000000003,5.050000000000001,66,40,6.0,2.0
2024-02-25,76,121,62,45,76,76,7.6000000000000005,7.6000000000000005,24.200000000000003,6.050000000000001,62,45,6.75,2.25
2024-02-26,69,115,64,44,69,69,6.9,6.9,23.0,5.75,64,44,6.6,2.2
2024-02-27,84,135,55,38,84,84,8.4,8.4,27.0,6.75,55,38,5.7,1.9000000000000001
2024-02-28,85,126,58,45,85,85,8.5,8.5,25.200000000000003,6.300000000000001,58,45,6.75,2.25
2024-02-29,85,125,70,39,85,85,8.5,8.5,25.0,6.25,70,39,5.85,1.9500000000000002
2024-03-01,78,114,69,52,78,78,7.800000000000001,7.800000000000001,22.8,5.7,69,52,7.8,2.6
2024-03-02,89,130,68,36,89,89,8.9,8.9,26.0,6.5,68,36,5.3999999999999995,1.8
2024-03-03,87,134,64,37,87,87,8.700000000000001,8.700000000000001,26.8,6.7,64,37,5.55,1.85
2024-03-04,82,126,58,45,82,82,8.200000000000001,8.200000000000001,25.200000000000003,6.300000000000001,58,45,6.75,2.25
2024-03-05,85,124,53,32,85,85,8.5,8.5,24.8,6.2,53,32,4.8,1.6
2024-03-06,91,128,59,37,91,91,9.1,9.1,25.6,6.4,59,37,5.55,1.85
2024-03-07,73,124,61,36,73,73,7.300000000000001,7.300000000000001,24.8,6.2,61,36,5.3999999999999995,1.8
2024-03-08,105,136,61,28,105,105,10.5,10.5,27.200000000000003,6.800000000000001,61,28,4.2,1.4000000000000001
2024-03-09,83,138,50,36,83,83,8.3,8.3,27.6,6.9,50,36,5.3999999999999995,1.8
2024-03-10,85,130,55,35,85,85,8.5,8.5,26.0,6.5,55,35,5.25,1.75
2024-03-11,84,123,65,43,84,84,8.4,8.4,24.6,6.15,65,43,6.45,2.15
2024-03-12,76,103,73,30,76,76,7.6000000000000005,7.6000000000000005,20.6,5.15,73,30,4.5,1.5
2024-03-13,86,105,65,35,86,86,8.6,8.6,21.0,5.25,65,35,5.25,1.75
2024-03-14,81,147,60,41,81,81,8.1,8.1,29.400000000000002,7.3500000000000005,60,41,6.1499999999999995,2.0500000000000003
2024-03-15,83,111,56,39,83,83,8.3,8.3,22.200000000000003,5.550000000000001,56,39,5.85,1.9500000000000002
2024-03-16,82,114,58,43,82,82,8.200000000000001,8.200000000000001,22.8,5.7,58,43,6.45,2.15
2024-03-17,68,106,64,40,68,68,6.800000000000001,6.800000000000001,21.200000000000003,5.300000000000001,64,40,6.0,2.0
2024-03-18,83,118,69,31,83,83,8.3,8.3,23.6,5.9,69,31,4.6499999999999995,1.55
2024-03-19,82,102,48,41,82,82,8.200000000000001,8.200000000000001,20.400000000000002,5.1000000000000005,48,41,6.1499999999999995,2.0500000000000003
2024-03-20,84,126,55,49,84,84,8.4,8.4,25.200000000000003,6.300000000000001,55,49,7.35,2.45
2024-03-21,82,116,59,44,82,82,8.200000000000001,8.200000000000001,23.200000000000003,5.800000000000001,59,44,6.6,2.2
2024-03-22,76,127,64,45,76,76,7.6000000000000005,7.6000000000000005,25.400000000000002,6.3500000000000005,64,45,6.75,2.25
2024-03-23,78,111,57,37,78,78,7.800000000000001,7.800000000000001,22.200000000000003,5.550000000000001,57,37,5.55,1.85
2024-03-24,70,115,49,38,70,70,7.0,7.0,23.0,5.75,49,38,5.7,1.9000000000000001
2024-03-25,84,125,51,42,84,84,8.4,8.4,25.0,6.25,51,42,6.3,2.1
2024-03-26,77,105,51,34,77,77,7.7,7.7,21.0,5.25,51,34,5.1,1.7000000000000002
2024-03-27,81,134,56,41,81,81,8.1,8.1,26.8,6.7,56,41,6.1499999999999995,2.0500000000000003
2024-03-28,82,117,50,39,82,82,8.200000000000001,8.200000000000001,23.400000000000002,5.8500000000000005,50,39,5.85,1.9500000000000002
2024-03-29,65,129,68,40,65,65,6.5,6.5,25.8,6.45,68,40,6.0,2.0
2024-03-30,90,105,84,44,90,90,9.0,9.0,21.0,5.25,84,44,6.6,2.2
2024-03-31,77,122,64,36,77,77,7.7,7.7,24.400000000000002,6.1000000000000005,64,36,5.3999999999999995,1.8
2024-04-01,78,116,62,38,78,78,7.800000000000001,7.800000000000001,23.200000000000003,5.800000000000001,62,38,5.7,1.9000000000000001
2024-04-02,78,131,62,46,78,78,7.800000000000001,7.800000000000001,26.200000000000003,6.550000000000001,62,46,6.8999999999999995,2.3000000000000003
2024-04-03,90,130,58,41,90,90,9.0,9.0,26.0,6.5,58,41,6.1499999999999995,2.0500000000000003
2024-04-04,72,122,44,45,72,72,7.2,7.2,24.400000000000002,6.1000000000000005,44,45,6.75,2.25
2024-04-05,72,101,51,34,72,72,7.2,7.2,20.200000000000003,5.050000000000001,51,34,5.1,1.7000000000000002
2024-04-06,60,120,57,32,60,60,6.0,6.0,24.0,6.0,57,32,4.8,1.6
2024-04-07,62,122,70,56,62,62,6.2,6.2,24.400000000000002,6.1000000000000005,70,56,8.4,2.8000000000000003
2024-04-08,66,109,63,53,66,66,6.6000000000000005,6.6000000000000005,21.8,5.45,63,53,7.949999999999999,2.6500000000000004
2024-04-09,74,108,49,35,74,74,7.4,7.4,21.6,5.4,49,35,5.25,1.75
2024-04-10,100,116,46,43,100,100,10.0,10.0,23.200000000000003,5.800000000000001,46,43,6.45,2.15
2024-04-11,78,117,56,42,78,78,7.800000000000001,7.800000000000001,23.400000000000002,5.8500000000000005,56,42,6.3,2.1
2024-04-12,75,111,52,43,75,75,7.5,7.5,22.200000000000003,5.550000000000001,52,43,6.45,2.15
2024-04-13,79,100,56,48,79,79,7.9,7.9,20.0,5.0,56,48,7.199999999999999,2.4000000000000004
2024-04-14,72,117,52,37,72,72,7.2,7.2,23.400000000000002,5.8500000000000005,52,37,5.55,1.85
2024-04-15,78,132,70,44,78,78,7.800000000000001,7.800000000000001,26.400000000000002,6.6000000000000005,70,44,6.6,2.2
2024-04-16,78,117,64,32,78,78,7.800000000000001,7.800000000000001,23.400000000000002,5.8500000000000005,64,32,4.8,1.6
2024-04-17,72,125,58,42,72,72,7.2,7.2,25.0,6.25,58,42,6.3,2.1
2024-04-18,70,122,53,46,70,70,7.0,7.0,24.400000000000002,6.1000000000000005,53,46,6.8999999999999995,2.3000000000000003
2024-04-19,73,122,66,40,73,73,7.300000000000001,7.300000000000001,24.400000000000002,6.1000000000000005,66,40,6.0,2.0
2024-04-20,73,123,55,40,73,73,7.300000000000001,7.300000000000001,24.6,6.15,55,40,6.0,2.0
2024-04-21,86,123,52,30,86,86,8.6,8.6,24.6,6.15,52,30,4.5,1.5
2024-04-22,81,121,52,48,81,81,8.1,8.1,24.200000000000003,6.050000000000001,52,48,7.199999999999999,2.4000000000000004
2024-04-23,93,131,62,35,93,93,9.3,9.3,26.200000000000003,6.550000000000001,62,35,5.25,1.75
2024-04-24,73,122,58,29,73,73,7.300000000000001,7.300000000000001,24.400000000000002,6.1000000000000005,58,29,4.35,1.4500000000000002
2024-04-25,70,110,58,43,70,70,7.0,7.0,22.0,5.5,58,43,6.45,2.15
2024-04-26,97,107,59,43,97,97,9.700000000000001,9.700000000000001,21.400000000000002,5.3500000000000005,59,43,6.45,2.15
2024-04-27,86,135,54,32,86,86,8.6,8.6,27.0,6.75,54,32,4.8,1.6
2024-04-28,80,111,66,38,80,80,8.0,8.0,22.200000000000003,5.550000000000001,66,38,5.7,1.9000000000000001
2024-04-29,97,130,58,43,97,97,9.700000000000001,9.700000000000001,26.0,6.5,58,43,6.45,2.15
2024-04-30,82,120,58,45,82,82,8.200000000000001,8.200000000000001,24.0,6.0,58,45,6.75,2.25
2024-05-01,77,109,72,47,77,77,7.7,7.7,21.8,5.45,72,47,7.05,2.35
2024-05-02,102,115,60,35,102,102,10.200000000000001,10.200000000000001,23.0,5.75,60,35,5.25,1.75
2024-05-03,75,133,51,53,75,75,7.5,7.5,26.6,6.65,51,53,7.949999999999999,2.6500000000000004
2024-05-04,75,125,49,37,75,75,7.5,7.5,25.0,6.25,49,37,5.55,1.85
2024-05-05,87,143,70,44,87,87,8.700000000000001,8.700000000000001,28.6,7.15,70,44,6.6,2.2
2024-05-06,85,134,59,38,85,85,8.5,8.5,26.8,6.7,59,38,5.7,1.9000000000000001
2024-05-07,90,109,60,39,90,90,9.0,9.0,21.8,5.45,60,39,5.85,1.9500000000000002
2024-05-08,90,104,64,37,90,90,9.0,9.0,20.8,5.2,64,37,5.55,1.85
2024-05-09,86,117,64,35,86,86,8.6,8.6,23.400000000000002,5.8500000000000005,64,35,5.25,1.75
2024-05-10,98,129,50,37,98,98,9.8,9.8,25.8,6.45,50,37,5.55,1.85
2024-05-11,76,118,60,35,76,76,7.6000000000000005,7.6000000000000005,23.6,5.9,60,35,5.25,1.75
2024-05-12,84,117,67,47,84,84,8.4,8.4,23.400000000000002,5.8500000000000005,67,47,7.05,2.35
2024-05-13,78,112,60,39,78,78,7.800000000000001,7.800000000000001,22.400000000000002,5.6000000000000005,60,39,5.85,1.9500000000000002
2024-05-14,76,110,53,50,76,76,7.6000000000000005,7.6000000000000005,22.0,5.5,53,50,7.5,2.5
2024-05-15,87,105,58,40,87,87,8.700000000000001,8.700000000000001,21.0,5.25,58,40,6.0,2.0
2024-05-16,77,127,53,33,77,77,7.7,7.7,25.400000000000002,6.3500000000000005,53,33,4.95,1.6500000000000001
2024-05-17,77,115,64,45,77,77,7.7,7.7,23.0,5.75,64,45,6.75,2.25
2024-05-18,91,127,53,37,91,91,9.1,9.1,25.400000000000002,6.3500000000000005,53,37,5.55,1.85
2024-05-19,73,99,61,38,73,73,7.300000000000001,7.300000000000001,19.8,4.95,61,38,5.7,1.9000000000000001
2024-05-20,80,98,55,33,80,80,8.0,8.0,19.6,4.9,55,33,4.95,1.6500000000000001
2024-05-21,68,105,72,47,68,68,6.800000000000001,6.800000000000001,21.0,5.25,72,47,7.05,2.35
2024-05-22,73,108,72,49,73,73,7.300000000000001,7.300000000000001,21.6,5.4,72,49,7.35,2.45
2024-05-23,74,116,61,44,74,74,7.4,7.4,23.200000000000003,5.800000000000001,61,44,6.6,2.2
2024-05-24,75,130,63,41,75,75,7.5,7.5,26.0,6.5,63,41,6.1499999999999995,2.0500000000000003
2024-05-25,77,92,57,33,77,77,7.7,7.7,18.400000000000002,4.6000000000000005,57,33,4.95,1.6500000000000001
2024-05-26,100,129,67,42,100,100,10.0,10.0,25.8,6.45,67,42,6.3,2.1
2024-05-27,95,124,45,36,95,95,9.5,9.5,24.8,6.2,45,36,5.3999999999999995,1.8
2024-05-28,76,123,57,34,76,76,7.6000000000000005,7.6000000000000005,24.6,6.15,57,34,5.1,1.7000000000000002
2024-05-29,75,123,57,34,75,75,7.5,7.5,24.6,6.15,57,34,5.1,1.7000000000000002
2024-05-30,89,104,56,36,89,89,8.9,8.9,20.8,5.2,56,36,5.3999999999999995,1.8
2024-05-31,83,116,51,30,83,83,8.3,8.3,23.200000000000003,5.800000000000001,51,30,4.5,1.5
2024-06-01,68,140,82,45,68,68,6.800000000000001,6.800000000000001,28.0,7.0,82,45,6.75,2.25
2024-06-02,92,121,56,45,92,92,9.200000000000001,9.200000000000001,24.200000000000003,6.050000000000001,56,45,6.75,2.25
2024-06-03,82,95,59,39,82,82,8.200000000000001,8.200000000000001,19.0,4.75,59,39,5.85,1.9500000000000002
2024-06-04,103,120,72,45,103,103,10.3,10.3,24.0,6.0,72,45,6.75,2.25
2024-06-05,76,133,63,38,76,76,7.6000000000000005,7.6000000000000005,26.6,6.65,63,38,5.7,1.9000000000000001
2024-06-06,77,118,57,33,77,77,7.7,7.7,23.6,5.9,57,33,4.95,1.6500000000000001
2024-06-07,81,113,60,55,81,81,8.1,8.1,22.6,5.65,60,55,8.25,2.75
2024-06-08,79,121,54,31,79,79,7.9,7.9,24.200000000000003,6.050000000000001,54,31,4.6499999999999995,1.55
2024-06-09,84,122,65,44,84,84,8.4,8.4,24.400000000000002,6.1000000000000005,65,44,6.6,2.2
2024-06-10,76,105,68,38,76,76,7.6000000000000005,7.6000000000000005,21.0,5.25,68,38,5.7,1.9000000000000001
2024-06-11,91,134,52,33,91,91,9.1,9.1,26.8,6.7,52,33,4.95,1.6500000000000001
2024-06-12,81,109,41,41,81,81,8.1,8.1,21.8,5.45,41,41,6.1499999999999995,2.0500000000000003
2024-06-13,84,140,54,44,84,84,8.4,8.4,28.0,7.0,54,44,6.6,2.2
2024-06-14,75,122,51,45,75,75,7.5,7.5,24.400000000000002,6.1000000000000005,51,45,6.75,2.25
2024-06-15,71,124,60,37,71,71,7.1000000000000005,7.1000000000000005,24.8,6.2,60,37,5.55,1.85
2024-06-16,71,109,58,39,71,71,7.1000000000000005,7.1000000000000005,21.8,5.45,58,39,5.85,1.9500000000000002
2024-06-17,81,120,66,39,81,81,8.1,8.1,24.0,6.0,66,39,5.85,1.9500000000000002
2024-06-18,95,122,60,42,95,95,9.5,9.5,24.400000000000002,6.1000000000000005,60,42,6.3,2.1
2024-06-19,80,100,69,34,80,80,8.0,8.0,20.0,5.0,69,34,5.1,1.7000000000000002
2024-06-20,87,122,39,47,87,87,8.700000000000001,8.700000000000001,24.400000000000002,6.1000000000000005,39,47,7.05,2.35
2024-06-21,59,133,58,39,59,59,5.9,5.9,26.6,6.65,58,39,5.85,1.9500000000000002
2024-06-22,82,114,57,42,82,82,8.200000000000001,8.200000000000001,22.8,5.7,57,42,6.3,2.1
2024-06-23,74,119,66,27,74,74,7.4,7.4,23.8,5.95,66,27,4.05,1.35
2024-06-24,95,121,56,41,95,95,9.5,9.5,24.200000000000003,6.050000000000001,56,41,6.1499999999999995,2.0500000000000003
2024-06-25,66,150,62,41,66,66,6.6000000000000005,6.6000000000000005,30.0,7.5,62,41,6.1499999999999995,2.0500000000000003
2024-06-26,82,117,63,42,82,82,8.200000000000001,8.200000000000001,23.400000000000002,5.8500000000000005,63,42,6.3,2.1
2024-06-27,75,137,64,33,75,75,7.5,7.5,27.400000000000002,6.8500000000000005,64,33,4.95,1.6500000000000001
2024-06-28,79,124,56,34,79,79,7.9,7.9,24.8,6.2,56,34,5.1,1.7000000000000002
2024-06-29,71,118,59,49,71,71,7.1000000000000005,7.1000000000000005,23.6,5.9,59,49,7.35,2.45
2024-06-30,81,116,64,52,81,81,8.1,8.1,23.200000000000003,5.800000000000001,64,52,7.8,2.6
2024-07-01,75,110,66,38,75,75,7.5,7.5,22.0,5.5,66,38,5.7,1.9000000000000001
2024-07-02,84,131,70,54,84,84,8.4,8.4,26.200000000000003,6.550000000000001,70,54,8.1,2.7
2024-07-03,75,117,59,34,75,75,7.5,7.5,23.400000000000002,5.8500000000000005,59,34,5.1,1.7000000000000002
2024-07-04,75,108,58,41,75,75,7.5,7.5,21.6,5.4,58,41,6.1499999999999995,2.0500000000000003
2024-07-05,69,125,65,40,69,69,6.9,6.9,25.0,6.25,65,40,6.0,2.0
2024-07-06,85,120,65,39,85,85,8.5,8.5,24.0,6.0,65,39,5.85,1.9500000000000002
2024-07-07,77,126,70,28,77,77,7.7,7.7,25.200000000000003,6.300000000000001,70,28,4.2,1.4000000000000001
2024-07-08,78,110,61,36,78,78,7.800000000000001,7.800000000000001,22.0,5.5,61,36,5.3999999999999995,1.8
2024-07-09,91,109,55,39,91,91,9.1,9.1,21.8,5.45,55,39,5.85,1.9500000000000002
2024-07-10,70,142,52,39,70,70,7.0,7.0,28.400000000000002,7.1000000000000005,52,39,5.85,1.9500000000000002
2024-07-11,66,113,40,45,66,66,6.6000000000000005,6.6000000000000005,22.6,5.65,40,45,6.75,2.25
2024-07-12,79,118,67,39,79,79,7.9,7.9,23.6,5.9,67,39,5.85,1.9500000000000002
2024-07-13,79,115,60,36,79,79,7.9,7.9,23.0,5.75,60,36,5.3999999999999995,1.8
2024-07-14,69,113,43,29,69,69,6.9,6.9,22.6,5.65,43,29,4.35,1.4500000000000002
2024-07-15,78,112,47,37,78,78,7.800000000000001,7.800000000000001,22.400000000000002,5.6000000000000005,47,37,5.55,1.85
2024-07-16,94,102,80,39,94,94,9.4,9.4,20.400000000000002,5.1000000000000005,80,39,5.85,1.9500000000000002
2024-07-17,74,121,69,42,74,74,7.4,7.4,24.200000000000003,6.050000000000001,69,42,6.3,2.1
2024-07-18,81,123,67,38,81,81,8.1,8.1,24.6,6.15,67,38,5.7,1.9000000000000001
2024-07-19,78,119,62,46,78,78,7.800000000000001,7.800000000000001,23.8,5.95,62,46,6.8999999999999995,2.3000000000000003
2024-07-20,72,112,63,39,72,72,7.2,7.2,22.400000000000002,5.6000000000000005,63,39,5.85,1.9500000000000002
2024-07-21,82,106,70,44,82,82,8.200000000000001,8.200000000000001,21.200000000000003,5.300000000000001,70,44,6.6,2.2
2024-07-22,66,117,79,37,66,66,6.6000000000000005,6.6000000000000005,23.400000000000002,5.8500000000000005,79,37,5.55,1.85
2024-07-23,75,126,66,26,75,75,7.5,7.5,25.200000000000003,6.300000000000001,66,26,3.9,1.3
2024-07-24,76,120,52,39,76,76,7.6000000000000005,7.6000000000000005,24.0,6.0,52,39,5.85,1.9500000000000002
2024-07-25,85,123,64,42,85,85,8.5,8.5,24.6,6.15,64,42,6.3,2.1
2024-07-26,72,119,46,37,72,72,7.2,7.2,23.8,5.95,46,37,5.55,1.85
2024-07-27,81,113,53,44,81,81,8.1,8.1,22.6,5.65,53,44,6.6,2.2
2024-07-28,76,130,45,35,76,76,7.6000000000000005,7.6000000000000005,26.0,6.5,45,35,5.25,1.75
2024-07-29,90,126,56,45,90,90,9.0,9.0,25.200000000000003,6.300000000000001,56,45,6.75,2.25
2024-07-30,89,118,53,42,89,89,8.9,8.9,23.6,5.9,53,42,6.3,2.1
2024-07-31,70,122,59,41,70,70,7.0,7.0,24.400000000000002,6.1000000000000005,59,41,6.1499999999999995,2.0500000000000003
2024-08-01,82,121,53,36,82,82,8.200000000000001,8.200000000000001,24.200000000000003,6.050000000000001,53,36,5.3999999999999995,1.8
2024-08-02,80,112,70,31,80,80,8.0,8.0,22.400000000000002,5.6000000000000005,70,31,4.6499999999999995,1.55
2024-08-03,89,104,69,43,89,89,8.9,8.9,20.8,5.2,69,43,6.45,2.15
2024-08-04,81,124,58,41,81,81,8.1,8.1,24.8,6.2,58,41,6.1499999999999995,2.0500000000000003
2024-08-05,85,108,61,31,85,85,8.5,8.5,21.6,5.4,61,31,4.6499999999999995,1.55
2024-08-06,83,104,54,35,83,83,8.3,8.3,20.8,5.2,54,35,5.25,1.75
2024-08-07,99,132,49,36,99,99,9.9,9.9,26.400000000000002,6.6000000000000005,49,36,5.3999999999999995,1.8
2024-08-08,73,140,65,62,73,73,7.300000000000001,7.300000000000001,28.0,7.0,65,62,9.299999999999999,3.1
2024-08-09,89,125,73,24,89,89,8.9,8.9,25.0,6.25,73,24,3.5999999999999996,1.2000000000000002
2024-08-10,90,119,58,52,90,90,9.0,9.0,23.8,5.95,58,52,7.8,2.6
2024-08-11,75,115,57,43,75,75,7.5,7.5,23.0,5.75,57,43,6.45,2.15
2024-08-12,74,105,59,29,74,74,7.4,7.4,21.0,5.25,59,29,4.35,1.4500000000000002
2024-08-13,89,117,70,41,89,89,8.9,8.9,23.400000000000002,5.8500000000000005,70,41,6.1499999999999995,2.0500000000000003
2024-08-14,89,118,61,45,89,89,8.9,8.9,23.6,5.9,61,45,6.75,2.25
2024-08-15,71,109,62,41,71,71,7.1000000000000005,7.1000000000000005,21.8,5.45,62,41,6.1499999999999995,2.0500000000000003
2024-08-16,75,123,63,45,75,75,7.5,7.5,24.6,6.15,63,45,6.75,2.25
2024-08-17,71,105,64,33,71,71,7.1000000000000005,7.1000000000000005,21.0,5.25,64,33,4.95,1.6500000000000001
2024-08-18,89,124,65,27,89,89,8.9,8.9,24.8,6.2,65,27,4.05,1.35
2024-08-19,91,124,79,41,91,91,9.1,9.1,24.8,6.2,79,41,6.1499999999999995,2.0500000000000003
2024-08-20,86,111,73,32,86,86,8.6,8.6,22.200000000000003,5.550000000000001,73,32,4.8,1.6
2024-08-21,80,107,53,43,80,80,8.0,8.0,21.400000000000002,5.3500000000000005,53,43,6.45,2.15
2024-08-22,87,118,55,41,87,87,8.700000000000001,8.700000000000001,23.6,5.9,55,41,6.1499999999999995,2.0500000000000003
2024-08-23,95,136,59,43,95,95,9.5,9.5,27.200000000000003,6.800000000000001,59,43,6.45,2.15
2024-08-24,71,103,48,46,71,71,7.1000000000000005,7.1000000000000005,20.6,5.15,48,46,6.8999999999999995,2.3000000000000003
2024-08-25,68,109,68,43,68,68,6.800000000000001,6.800000000000001,21.8,5.45,68,43,6.45,2.15
2024-08-26,85,124,71,33,85,85,8.5,8.5,24.8,6.2,71,33,4.95,1.6500000000000001
2024-08-27,73,104,72,42,73,73,7.300000000000001,7.300000000000001,20.8,5.2,72,42,6.3,2.1
2024-08-28,78,142,70,35,78,78,7.800000000000001,7.800000000000001,28.400000000000002,7.1000000000000005,70,35,5.25,1.75
2024-08-29,74,124,54,42,74,74,7.4,7.4,24.8,6.2,54,42,6.3,2.1
2024-08-30,89,125,62,35,89,89,8.9,8.9,25.0,6.25,62,35,5.25,1.75
2024-08-31,73,120,81,36,73,73,7.300000000000001,7.300000000000001,24.0,6.0,81,36,5.3999999999999995,1.8
2024-09-01,74,116,63,47,74,74,7.4,7.4,23.200000000000003,5.800000000000001,63,47,7.05,2.35
2024-09-02,63,105,74,47,63,63,6.300000000000001,6.300000000000001,21.0,5.25,74,47,7.05,2.35
2024-09-03,86,108,63,37,86,86,8.6,8.6,21.6,5.4,63,37,5.55,1.85
2024-09-04,89,130,71,42,89,89,8.9,8.9,26.0,6.5,71,42,6.3,2.1
2024-09-05,78,103,70,34,78,78,7.800000000000001,7.800000000000001,20.6,5.15,70,34,5.1,1.7000000000000002
2024-09-06,75,133,58,32,75,75,7.5,7.5,26.6,6.65,58,32,4.8,1.6
2024-09-07,79,127,65,46,79,79,7.9,7.9,25.400000000000002,6.3500000000000005,65,46,6.8999999999999995,2.3000000000000003
2024-09-08,72,124,58,48,72,72,7.2,7.2,24.8,6.2,58,48,7.199999999999999,2.4000000000000004
2024-09-09,79,110,59,41,79,79,7.9,7.9,22.0,5.5,59,41,6.1499999999999995,2.0500000000000003
2024-09-10,89,127,60,39,89,89,8.9,8.9,25.400000000000002,6.3500000000000005,60,39,5.85,1.9500000000000002
2024-09-11,95,145,63,32,95,95,9.5,9.5,29.0,7.25,63,32,4.8,1.6
2024-09-12,66,118,53,38,66,66,6.6000000000000005,6.6000000000000005,23.6,5.9,53,38,5.7,1.9000000000000001
2024-09-13,86,120,55,33,86,86,8.6,8.6,24.0,6.0,55,33,4.95,1.6500000000000001
2024-09-14,73,129,63,29,73,73,7.300000000000001,7.300000000000001,25.8,6.45,63,29,4.35,1.4500000000000002
2024-09-15,77,126,54,38,77,77,7.7,7.7,25.200000000000003,6.300000000000001,54,38,5.7,1.9000000000000001
2024-09-16,105,115,64,32,105,105,10.5,10.5,23.0,5.75,64,32,4.8,1.6
2024-09-17,88,114,58,38,88,88,8.8,8.8,22.8,5.7,58,38,5.7,1.9000000000000001
2024-09-18,80,137,75,46,80,80,8.0,8.0,27.400000000000002,6.8500000000000005,75,46,6.8999999999999995,2.3000000000000003
2024-09-19,60,121,63,56,60,60,6.0,6.0,24.200000000000003,6.050000000000001,63,56,8.4,2.8000000000000003
2024-09-20,69,122,64,39,69,69,6.9,6.9,24.400000000000002,6.1000000000000005,64,39,5.85,1.9500000000000002
2024-09-21,64,120,60,43,64,64,6.4,6.4,24.0,6.0,60,43,6.45,2.15
2024-09-22,92,121,63,46,92,92,9.200000000000001,9.200000000000001,24.200000000000003,6.050000000000001,63,46,6.8999999999999995,2.3000000000000003
2024-09-23,79,106,61,38,79,79,7.9,7.9,21.200000000000003,5.300000000000001,61,38,5.7,1.9000000000000001
2024-09-24,91,102,70,44,91,91,9.1,9.1,20.400000000000002,5.1000000000000005,70,44,6.6,2.2
2024-09-25,83,130,63,44,83,83,8.3,8.3,26.0,6.5,63,44,6.6,2.2
2024-09-26,68,123,58,44,68,68,6.800000000000001,6.800000000000001,24.6,6.15,58,44,6.6,2.2
2024-09-27,67,120,61,47,67,67,6.7,6.7,24.0,6.0,61,47,7.05,2.35
2024-09-28,79,133,58,40,79,79,7.9,7.9,26.6,6.65,58,40,6.0,2.0
2024-09-29,73,120,49,54,73,73,7.300000000000001,7.300000000000001,24.0,6.0,49,54,8.1,2.7
2024-09-30,70,114,56,41,70,70,7.0,7.0,22.8,5.7,56,41,6.1499999999999995,2.0500000000000003
2024-10-01,79,116,54,45,79,79,7.9,7.9,23.200000000000003,5.800000000000001,54,45,6.75,2.25
2024-10-02,86,117,56,34,86,86,8.6,8.6,23.400000000000002,5.8500000000000005,56,34,5.1,1.7000000000000002
2024-10-03,71,115,56,31,71,71,7.1000000000000005,7.1000000000000005,23.0,5.75,56,31,4.6499999999999995,1.55
2024-10-04,80,139,54,35,80,80,8.0,8.0,27.8,6.95,54,35,5.25,1.75
2024-10-05,60,131,60,32,60,60,6.0,6.0,26.200000000000003,6.550000000000001,60,32,4.8,1.6
2024-10-06,77,121,58,43,77,77,7.7,7.7,24.200000000000003,6.050000000000001,58,43,6.45,2.15
2024-10-07,79,104,67,40,79,79,7.9,7.9,20.8,5.2,67,40,6.0,2.0
2024-10-08,83,122,43,33,83,83,8.3,8.3,24.400000000000002,6.1000000000000005,43,33,4.95,1.6500000000000001
2024-10-09,87,106,51,35,87,87,8.700000000000001,8.700000000000001,21.200000000000003,5.300000000000001,51,35,5.25,1.75
2024-10-10,73,117,44,40,73,73,7.300000000000001,7.300000000000001,23.400000000000002,5.8500000000000005,44,40,6.0,2.0
2024-10-11,82,109,62,46,82,82,8.200000000000001,8.200000000000001,21.8,5.45,62,46,6.8999999999999995,2.3000000000000003
2024-10-12,69,126,64,35,69,69,6.9,6.9,25.200000000000003,6.300000000000001,64,35,5.25,1.75
2024-10-13,72,127,73,35,72,72,7.2,7.2,25.400000000000002,6.3500000000000005,73,35,5.25,1.75
2024-10-14,77,120,58,45,77,77,7.7,7.7,24.0,6.0,58,45,6.75,2.25
2024-10-15,69,116,67,34,69,69,6.9,6.9,23.200000000000003,5.800000000000001,67,34,5.1,1.7000000000000002
2024-10-16,67,130,62,41,67,67,6.7,6.7,26.0,6.5,62,41,6.1499999999999995,2.0500000000000003
2024-10-17,77,125,73,41,77,77,7.7,7.7,25.0,6.25,73,41,6.1499999999999995,2.0500000000000003
2024-10-18,87,108,65,39,87,87,8.700000000000001,8.700000000000001,21.6,5.4,65,39,5.85,1.9500000000000002
2024-10-19,76,117,63,47,76,76,7.6000000000000005,7.6000000000000005,23.400000000000002,5.8500000000000005,63,47,7.05,2.35
2024-10-20,68,133,55,37,68,68,6.800000000000001,6.800000000000001,26.6,6.65,55,37,5.55,1.85
2024-10-21,63,123,54,47,63,63,6.300000000000001,6.300000000000001,24.6,6.15,54,47,7.05,2.35
2024-10-22,90,129,53,48,90,90,9.0,9.0,25.8,6.45,53,48,7.199999999999999,2.4000000000000004
2024-10-23,69,145,56,44,69,69,6.9,6.9,29.0,7.25,56,44,6.6,2.2
2024-10-24,88,119,57,38,88,88,8.8,8.8,23.8,5.95,57,38,5.7,1.9000000000000001
2024-10-25,81,115,64,36,81,81,8.1,8.1,23.0,5.75,64,36,5.3999999999999995,1.8
2024-10-26,86,125,63,41,86,86,8.6,8.6,25.0,6.25,63,41,6.1499999999999995,2.0500000000000003
2024-10-27,65,145,59,41,65,65,6.5,6.5,29.0,7.25,59,41,6.1499999999999995,2.0500000000000003
2024-10-28,73,108,59,35,73,73,7.300000000000001,7.300000000000001,21.6,5.4,59,35,5.25,1.75
2024-10-29,84,117,62,41,84,84,8.4,8.4,23.400000000000002,5.8500000000000005,62,41,6.1499999999999995,2.0500000000000003
2024-10-30,99,99,54,39,99,99,9.9,9.9,19.8,4.95,54,39,5.85,1.9500000000000002
2024-10-31,76,120,64,52,76,76,7.6000000000000005,7.6000000000000005,24.0,6.0,64,52,7.8,2.6
2024-11-01,72,128,62,39,72,72,7.2,7.2,25.6,6.4,62,39,5.85,1.9500000000000002
2024-11-02,81,113,47,45,81,81,8.1,8.1,22.6,5.65,47,45,6.75,2.25
2024-11-03,80,118,64,34,80,80,8.0,8.0,23.6,5.9,64,34,5.1,1.7000000000000002
2024-11-04,75,120,42,48,75,75,7.5,7.5,24.0,6.0,42,48,7.199999999999999,2.4000000000000004
2024-11-05,71,116,66,27,71,71,7.1000000000000005,7.1000000000000005,23.200000000000003,5.800000000000001,66,27,4.05,1.35
2024-11-06,78,144,54,49,78,78,7.800000000000001,7.800000000000001,28.8,7.2,54,49,7.35,2.45
2024-11-07,88,122,50,35,88,88,8.8,8.8,24.400000000000002,6.1000000000000005,50,35,5.25,1.75
2024-11-08,86,123,45,39,86,86,8.6,8.6,24.6,6.15,45,39,5.85,1.9500000000000002
2024-11-09,94,124,54,54,94,94,9.4,9.4,24.8,6.2,54,54,8.1,2.7
2024-11-10,89,121,75,43,89,89,8.9,8.9,24.200000000000003,6.050000000000001,75,43,6.45,2.15
2024-11-11,80,121,62,42,80,80,8.0,8.0,24.200000000000003,6.050000000000001,62,42,6.3,2.1
2024-11-12,71,145,58,42,71,71,7.1000000000000005,7.1000000000000005,29.0,7.25,58,42,6.3,2.1
2024-11-13,78,151,57,34,78,78,7.800000000000001,7.800000000000001,30.200000000000003,7.550000000000001,57,34,5.1,1.7000000000000002
2024-11-14,71,119,47,48,71,71,7.1000000000000005,7.1000000000000005,23.8,5.95,47,48,7.199999999999999,2.4000000000000004
2024-11-15,90,120,69,34,90,90,9.0,9.0,24.0,6.0,69,34,5.1,1.7000000000000002
2024-11-16,88,116,61,51,88,88,8.8,8.8,23.200000000000003,5.800000000000001,61,51,7.6499999999999995,2.5500000000000003
2024-11-17,64,125,59,33,64,64,6.4,6.4,25.0,6.25,59,33,4.95,1.6500000000000001
2024-11-18,106,120,61,32,106,106,10.600000000000001,10.600000000000001,24.0,6.0,61,32,4.8,1.6
2024-11-19,75,123,66,37,75,75,7.5,7.5,24.6,6.15,66,37,5.55,1.85
2024-11-20,73,109,51,44,73,73,7.300000000000001,7.300000000000001,21.8,5.45,51,44,6.6,2.2
2024-11-21,77,122,46,51,77,77,7.7,7.7,24.400000000000002,6.1000000000000005,46,51,7.6499999999999995,2.5500000000000003
2024-11-22,77,128,64,39,77,77,7.7,7.7,25.6,6.4,64,39,5.85,1.9500000000000002
2024-11-23,71,118,57,45,71,71,7.1000000000000005,7.1000000000000005,23.6,5.9,57,45,6.75,2.25
2024-11-24,67,139,61,37,67,67,6.7,6.7,27.8,6.95,61,37,5.55,1.85
2024-11-25,81,106,75,48,81,81,8.1,8.1,21.200000000000003,5.300000000000001,75,48,7.199999999999999,2.4000000000000004
2024-11-26,73,103,52,40,73,73,7.300000000000001,7.300000000000001,20.6,5.15,52,40,6.0,2.0
2024-11-27,67,119,68,46,67,67,6.7,6.7,23.8,5.95,68,46,6.8999999999999995,2.3000000000000003
2024-11-28,81,117,64,43,81,81,8.1,8.1,23.400000000000002,5.8500000000000005,64,43,6.45,2.15
2024-11-29,94,102,66,40,94,94,9.4,9.4,20.400000000000002,5.1000000000000005,66,40,6.0,2.0
2024-11-30,74,136,64,30,74,74,7.4,7.4,27.200000000000003,6.800000000000001,64,30,4.5,1.5
2024-12-01,75,111,54,32,75,75,7.5,7.5,22.200000000000003,5.550000000000001,54,32,4.8,1.6
2024-12-02,82,115,71,37,82,82,8.200000000000001,8.200000000000001,23.0,5.75,71,37,5.55,1.85
2024-12-03,69,115,54,32,69,69,6.9,6.9,23.0,5.75,54,32,4.8,1.6
2024-12-04,83,122,64,48,83,83,8.3,8.3,24.400000000000002,6.1000000000000005,64,48,7.199999999999999,2.4000000000000004
2024-12-05,85,116,61,46,85,85,8.5,8.5,23.200000000000003,5.800000000000001,61,46,6.8999999999999995,2.3000000000000003
2024-12-06,85,122,64,46,85,85,8.5,8.5,24.400000000000002,6.1000000000000005,64,46,6.8999999999999995,2.3000000000000003
2024-12-07,82,116,59,52,82,82,8.200000000000001,8.200000000000001,23.200000000000003,5.800000000000001,59,52,7.8,2.6
2024-12-08,84,103,65,48,84,84,8.4,8.4,20.6,5.15,65,48,7.199999999999999,2.4000000000000004
2024-12-09,65,111,67,47,65,65,6.5,6.5,22.200000000000003,5.550000000000001,67,47,7.05,2.35
2024-12-10,82,115,59,52,82,82,8.200000000000001,8.200000000000001,23.0,5.75,59,52,7.8,2.6
2024-12-11,70,143,54,33,70,70,7.0,7.0,28.6,7.15,54,33,4.95,1.6500000000000001
2024-12-12,82,126,55,36,82,82,8.200000000000001,8.200000000000001,25.200000000000003,6.300000000000001,55,36,5.3999999999999995,1.8
2024-12-13,90,113,51,49,90,90,9.0,9.0,22.6,5.65,51,49,7.35,2.45
2024-12-14,67,124,58,45,67,67,6.7,6.7,24.8,6.2,58,45,6.75,2.25
2024-12-15,76,120,65,48,76,76,7.6000000000000005,7.6000000000000005,24.0,6.0,65,48,7.199999999999999,2.4000000000000004
2024-12-16,90,117,59,56,90,90,9.0,9.0,23.400000000000002,5.8500000000000005,59,56,8.4,2.8000000000000003
2024-12-17,66,97,53,39,66,66,6.6000000000000005,6.6000000000000005,19.400000000000002,4.8500000000000005,53,39,5.85,1.9500000000000002
2024-12-18,87,115,67,40,87,87,8.700000000000001,8.700000000000001,23.0,5.75,67,40,6.0,2.0
2024-12-19,73,134,60,34,73,73,7.300000000000001,7.300000000000001,26.8,6.7,60,34,5.1,1.7000000000000002
2024-12-20,71,126,74,40,71,71,7.1000000000000005,7.1000000000000005,25.200000000000003,6.300000000000001,74,40,6.0,2.0
2024-12-21,94,116,73,31,94,94,9.4,9.4,23.200000000000003,5.800000000000001,73,31,4.6499999999999995,1.55
2024-12-22,94,117,62,50,94,94,9.4,9.4,23.400000000000002,5.8500000000000005,62,50,7.5,2.5
2024-12-23,83,138,79,41,83,83,8.3,8.3,27.6,6.9,79,41,6.1499999999999995,2.0500000000000003
2024-12-24,77,122,60,42,77,77,7.7,7.7,24.400000000000002,6.1000000000000005,60,42,6.3,2.1
2024-12-25,91,109,66,45,91,91,9.1,9.1,21.8,5.45,66,45,6.75,2.25
2024-12-26,75,110,51,39,75,75,7.5,7.5,22.0,5.5,51,39,5.85,1.9500000000000002
2024-12-27,97,120,68,36,97,97,9.700000000000001,9.700000000000001,24.0,6.0,68,36,5.3999999999999995,1.8
2024-12-28,72,112,53,48,72,72,7.2,7.2,22.400000000000002,5.6000000000000005,53,48,7.199999999999999,2.4000000000000004
2024-12-29,78,109,55,38,78,78,7.800000000000001,7.800000000000001,21.8,5.45,55,38,5.7,1.9000000000000001
2024-12-30,83,141,53,42,83,83,8.3,8.3,28.200000000000003,7.050000000000001,53,42,6.3,2.1
2024-12-31,77,126,56,39,77,77,7.7,7.7,25.200000000000003,6.300000000000001,56,39,5.85,1.9500000000000002
